NUM_ELEMENTS,RUNTIME_Stooge,RUNTIME_INSERTION
1, 0.000001, 0.000001
2, 0.000001, 0.000001
4, 0.000001, 0.000001
8, 0.000001, 0.000002
16, 0.000003, 0.000002
32, 0.000006, 0.000004
64, 0.000107, 0.000009
128, 0.000500, 0.000030
256, 0.009540, 0.000117
512, 0.039743, 0.000812
1024, 0.388371, 0.001622
2048, 1.739379, 0.007312
4096, 169.684479, 0.031002
8192, 1358.183838, 0.108721
