NUM_ELEMENTS,RUNTIME_MERGE,RUNTIME_INSERTION
64, 0.000008, 0.000016
128, 0.000031, 0.000035
256, 0.000117, 0.000072
512, 0.000447, 0.000148
1024, 0.001781, 0.000281
2048, 0.010413, 0.000677
4096, 0.024559, 0.001230
8192, 0.099052, 0.002583
16384, 0.397957, 0.005443
32768, 1.554952, 0.011342
65536, 6.196907, 0.023689
131072, 24.791697, 0.049484
262144, 99.343239, 0.103628
