NUM_ELEMENTS,INSERT_METHOD,RUNTIME,RUNTIMEAVG
0, 64, 0, 1, 0.000014, 0.000021
0, 128, 0, 1, 0.000025, 0.000029
0, 256, 0, 1, 0.000213, 0.000091
0, 512, 0, 1, 0.000408, 0.000130
0, 1024, 0, 1, 0.002285, 0.000446
0, 2048, 0, 1, 0.006030, 0.000585
0, 4096, 0, 1, 0.037001, 0.001853
0, 8192, 0, 1, 0.101662, 0.002630
0, 16384, 0, 1, 0.377465, 0.005401
0, 32768, 0, 1, 1.560603, 0.011313
0, 65536, 0, 1, 5.971644, 0.023656
0, 131072, 0, 1, 24.511574, 0.074116
0, 262144, 0, 1, 127.947533, 0.103223
