Roll, Dice6, Dice100, Sum,,,,,
0,3,68,71,,,Dice6 mean,,3.232121093
1,6,4,10,,,Dice6 median,,3.5
2,2,4,6,,,Dice6 mode,,3
3,4,2,6,,,Dice6 stddev,,1.577621275
4,1,84,85,,,,,
5,6,73,79,,,DIce100 mean,,26.47202044
6,4,68,72,,,Dice100 median,,59.5
7,4,83,87,,,Dice100 mode,,68
8,3,51,54,,,Dice100 stddev,,33.2647628
9,3,44,47,,,,,
